<?xml version="1.0" encoding="UTF-8"?>
<project-private xmlns="http://www.netbeans.org/ns/project-private/1">
    <editor-bookmarks xmlns="http://www.netbeans.org/ns/editor-bookmarks/2" lastBookmarkId="0"/>
    <open-files xmlns="http://www.netbeans.org/ns/projectui-open-files/2">
        <group>
            <file>file:/C:/xampp/htdocs/PDP/admin/js/prototype.js</file>
            <file>file:/C:/xampp/htdocs/PDP/admin/ui/searchStatistics.html</file>
            <file>file:/C:/xampp/htdocs/PDP/admin/classes/database.php</file>
            <file>file:/C:/xampp/htdocs/PDP/admin/js/globalController.js</file>
            <file>file:/C:/xampp/htdocs/PDP/admin/classes/test.php</file>
            <file>file:/C:/xampp/htdocs/PDP/admin/ui/index.html</file>
            <file>file:/C:/xampp/htdocs/PDP/admin/classes/singleUser.php</file>
            <file>file:/C:/xampp/htdocs/PDP/index.html</file>
            <file>file:/C:/xampp/htdocs/PDP/js/searchController.js</file>
            <file>file:/C:/xampp/htdocs/PDP/admin/classes/uploadPhoto.php</file>
            <file>file:/C:/xampp/htdocs/PDP/admin/ui/main.html</file>
            <file>file:/C:/xampp/htdocs/PDP/admin/js/searchController.js</file>
            <file>file:/C:/xampp/htdocs/PDP/js/propertyService.js</file>
            <file>file:/C:/xampp/htdocs/PDP/admin/classes/logout.php</file>
            <file>file:/C:/xampp/htdocs/PDP/admin/classes/deleteAdmin.php</file>
            <file>file:/C:/xampp/htdocs/PDP/admin/js/loginController.js</file>
            <file>file:/C:/xampp/htdocs/PDP/js/app.js</file>
            <file>file:/C:/xampp/htdocs/PDP/admin/classes/admins.php</file>
            <file>file:/C:/xampp/htdocs/PDP/main.html</file>
            <file>file:/C:/xampp/htdocs/PDP/search.html</file>
            <file>file:/C:/xampp/htdocs/PDP/js/mainController.js</file>
            <file>file:/C:/xampp/htdocs/PDP/admin/classes/uniqueAdmin.php</file>
            <file>file:/C:/xampp/htdocs/PDP/admin/ui/adminussers.html</file>
            <file>file:/C:/xampp/htdocs/PDP/admin/js/githubService.js</file>
            <file>file:/C:/xampp/htdocs/PDP/admin/js/angular-route.js</file>
            <file>file:/C:/xampp/htdocs/PDP/admin/classes/mostSerahedUser.php</file>
            <file>file:/C:/xampp/htdocs/PDP/admin/classes/githubusers.php</file>
            <file>file:/C:/xampp/htdocs/PDP/css/landing-page.css</file>
            <file>file:/C:/xampp/htdocs/PDP/admin/js/datepicker.js</file>
            <file>file:/C:/xampp/htdocs/PDP/admin/classes/login.php</file>
            <file>file:/C:/xampp/htdocs/PDP/admin/classes/showGithubUsers.php</file>
            <file>file:/C:/xampp/htdocs/PDP/admin/js/adminApp.js</file>
            <file>file:/C:/xampp/htdocs/PDP/admin/js/angular.min.js</file>
            <file>file:/C:/xampp/htdocs/PDP/admin/js/adminsController.js</file>
            <file>file:/C:/xampp/htdocs/PDP/admin/classes/uniqueUsers.php</file>
            <file>file:/C:/xampp/htdocs/PDP/admin/js/panelController.js</file>
        </group>
    </open-files>
</project-private>
